AlternativeNmae,Price,Code,FushonHouse,Names,type
KOSMOS,3400,EG 1008,دولس جابانا,K,Male
EVEREST GREEN,2950,EG 177/5,كلفن كلين,اتيرنتي,Male
EVEREST GREEN,3200,EG 177/4,كلفن كلين,اتيرنتى اخضر,Male
EDTH AGOSTINO CT,2950,EG 579,اجنر,اجنر بلاك,Male
EDTH MICA CT,2950,EG 467,اديداس,اديداس موفيز,Male
ALBERTO,2800,9106/2/L,اراميس,اراميس لايف,Male
ALBATROS A.,3100,11001/4/KD,ازارو,ازارو بورهوم,Male
CONDOR,3300,7522/L,ازارو,ازارو كروم,Male
CONDORS,3000,10684/3/KD,ازارو,ازارو كروم سبورت,Male
CONDOR,3500,10091/3,ازارو,ازارو كروم ليجند,Male
CONDOR U,2950,EG 113,ازارو,ازارو كروم يونايتد,Male
WALDI,3600,EG 368,ازارو,ازارو ونتد,Male
WALDI B.N,3250,EG 617,ازارو,ازارو ونتد نايت,Male
EDTH ALONSO,2950,10928/2/kd,لانفين,افانت جارد,Male
ALIX,4600,EG 156,كريد,افينتوس,Male
XENON,3800,EG 211,جفنشى,اكسريوس روج,Male
ALPHA,2900,8847/K,جيورجيو ارماني,اكوا دى جيو,Male
ALPHA PRO.,3300,EG 1340,جيورجيو ارماني,اكوا دى جيو بروفومو,Male
IPON,3300,8235/2,جفنشى,الترا مارين,Male
EDTH UBALDO,3350,EG 1113,جان بول,الترا ميل,Male
ATTILAS,3800,9147/4,شانيل,الور سبورت,Male
AMAKEN,2300,9690,اماكن,اماكن,Male
ISPANO,2950,EG 119,مونت بلانك,اندفيدوال,Male
IGOR,3600,EG 1157,جيرلان,انستانت,Male
INACIO,3600,EG 127,باكوربان,انفكتوس,Male
INACIO V.,3300,EG 1163,باكوربان,انفكتوس ڨيكتوري,Male
ONTARIO,3400,7394/B,اوبن,اوبن,Male
OCCHIO,3100,EG 1009,بلجاري,اونيك,Male
EVAN,3700,EG 116,امواج,ايبك,Male
EQUATEUR,3600,6357/L,شانيل,ايجويست,Male
EDTF HONG,3100,EG 202,جيرلان,ايديال لاهوم,Male
ELVIS,3600,EG 118,فرزاتشي,ايروس,Male
ELVIS F.,3350,EG 1305,فرزاتشي,ايروس فلام,Male
ENZO,3550,9669,ايسى مياك,ايسى مياك,Male
DOILON S.,3200,10992/4/KD,ايسى مياك,ايسي مياك سبورت,Male
YORIS,3300,EG 510,ايف سان لوران,ايف سان لوران Y,Male
EVENT,2850,EG 1057,بيرفيوم,ايفنت,Male
ERIK,3300,9681/2,كلفن كلين,ايفوريا,Male
EDTH ERIK I.,3650,10797/4/KD,كلفن كلين,ايفوريا انتنس,Male
ERIK I.,3250,EG 1428,كلفن كلين,ايفوريا انتنس,Male
ELITE,3300,8932/4,دافى دوف,ايكو دافى دوف,Male
EDTF EDEN,3100,EG 201,مونت بلانك,ايمبليم,Male
BACARY,3600,EG 1011,كارولينا هريرا,باد بوي,Male
PERESAN,3200,7681,ايف سان لوران,باريزيان,Male
PAGASE,4050,7608/M,باشا كارتيير,باشا كارتيير,Male
SAM,2950,7991,باكوربان,باكوربان X.S,Male
EDTH CADOR,2800,10386/3,فندى,بالازو فندى,Male
PERSAN,3350,7680,جفنشى,باى جفنشى,Male
PERSAN NEW,2900,10221/4,جفنشى,باى نيو جفنشى,Male
SCOOP,3000,10558/3/K,بربرى,بربرى سبورت,Male
ELDORADO,3500,9742,شانيل,بلاتنيوم,Male
X6 BLACK,3200,9573,باكوربان,X.S بلاك,Male
SAM POTION CT,2700,EG 361,باكوربان,بلاك X.S بوشن,Male
SAM B..E. CT,3100,EG 358,باكوربان,بلاك X.S ليكزس,Male
BLACK MUSK JOVAN,3600,10927,جوفانى,بلاك ماسك,Male
PLAY BOY,4600,10469/2,بلاى بوى,بلاى بوى,Male
PINOU,2950,10209/3/K,جفنشى,بلاى جفنشى,Male
PINOU S,2850,10964/4/KD,جفنشى,بلاى جفنشى سبورت,Male
BORNEO,3200,8059,بلجارى,بلجارى,Male
ALAMO,3700,9337/2/L,بلجارى,بلجارى اكوا,Male
EDTH BELLO,3650,10656/5/LD,شانيل,بلو شانيل,Male
BLUE,3400,EG 1032,الرصاصي,بلو فور من,Male
GINO BLUE,4000,9123/2,جفنشى,بلو ليبل,Male
EDTH PALIO,3000,10959/4/KD,بورش ديزين,بورش ديزين سبورت,Male
GINO,3400,8805/2,جفنشى,بورهوم جفنشى,Male
PANAMA BLUE,3300,8980/3/L,رالف لورين,بولو بلو,Male
BUMA,3300,9687,بوما,بوما,Male
JIVARO,3400,EG 283,بوما,بوما جام,Male
PETRUS,3900,10366,بوما,بوما سبورت (اربان موشن ),Male
EDTH BEN CT,3450,EG 350,BMW,بى ام دبليو,Male
SYLVIO,3750,10509,بينو سلفستر,بينو سلفستر,Male
BEBEL,3200,10397/2/L,ديفيد بيكهام,بيور بيكهام,Male
TROPIC,3500,8548/2,بربرى,تاتش بربري,Male
TIOUD,3400,EG 374,روبرتو كافالى,تايجر عود,Male
SACHA CT CHELS,3150,EG 351,ريمى ماركيز,تشيلز,Male
TITAN,3000,8696/2,تومي هيلفيجر,(T) تومى,Male
T. FREEDOM,4600,9673,تومي هيلفيجر,تومى فريدم,Male
TANGO,3250,EG 1188,تومي هيلفيجر,تومي هيلفيجر,Male
TOP,4200,9722/2,هيرمس,تيرى هيرمس,Male
G3  CT,3300,EG 355,ثرى جى,ثرى جى,Male
JUSTIN,3900,9148/2,جاجور,جاجور بلو,Male
ROSE VINTAGE,3100,EG 273,جاجور,جاجور جرين,Male
EDTH JIRK,3200,EG 1112,جاجور,جاجور كلاسيك بلاك,Male
JOE,3500,EG 1399,مارجييلا,جاز كلوب,Male
GOA,3300,7366,جان بول جوتيه,جان بول جوتيه,Male
JIMMY,3500,EG 147,روبرتو كافالي,جست كافالي جولد,Male
GITAN O.,3350,EG 145,جفنشى,جنتل مان اونلي,Male
EDTH OLAF G.,3000,10719/3/KD,دولس جابانا,جنتل مان ذا ون,Male
GITAN S.,3500,EG 1377,جفنشى,جنتل مان سوسيتي,Male
JUPITER,3400,6259/2/L,جوب,جوب,Male
JUPITER JAMBO,4500,9696,جوب,جوب جامب,Male
GALION,3100,10103/2/K,جوب,جوب جو,Male
NEVADA,3750,EG 1424,جوب,جوب نايت فلايت,Male
EDTH GLEN,3200,10298/2,جوتشى,جوتشى باى,Male
EDTH GIULIO,3500,10737/2/KD,جوتشى,جوتشي جيلتى,Male
EDTH GLENS,3200,10624/2/KD,جوتشى,جوتشي سبورت,Male
GABI,3200,EG 265,جوتشي,جوتشى عود,Male
GAME,3250,7548/L,دافى دوف,جود لايف,Male
KORDA,3000,9571,جورج قرداحى,جورج قرداحى,Male
EDTH K. O,2800,10976,جون سينا,جون سينا,Male
HIRO,2750,EG 117,جيان فرانكو فيري,جي اف فيري,Male
DARK T CHOCO,3500,10600/2,آكس,دارك تيمتاشن,Male
EDTH ALAN,2750,10029/3,دافى دوف,دافى دوف,Male
EDTH DALTON,2950,10627/3/KD,دانهيل,N 51.3 دانهيل,Male
DUC,4300,6845,دانهيل,دانهيل اديشن,Male
XIAN,3300,8610/3/L,دانهيل,دانهيل اكسنتريك,Male
INDO,3250,EG 508,دانهيل,دانهيل ايكون,Male
PITT,3950,9856/L,دانهيل,دانهيل برسوت,Male
DJANGO.B,3500,10309/3/K,دانهيل,دانهيل بلاك,Male
DOUBLE,3950,8579/2,دانهيل,دانهيل ديزاير,Male
Double ex,3400,Eg 509,دانهيل,دانهيل ديزاير أكستريم,Male
DOUBLE BLEU,3600,8958/4,دانهيل,دانهيل ديزاير بلو,Male
DJANGO FRESH,3500,9518/3,دانهيل,دانهيل فريش,Male
CLIFF,3300,10783/2/LD,دانهيل,دانهيل كستم,Male
LOUBARD,3400,10398/3/L,دانهيل,دانهيل لندن,Male
DELTA,3400,M/180,دراكار,دراكار,Male
DELTA BRUN,3200,M 180/2,دراكار,دراكار احمر,Male
EDTH DAVOS,2950,10947/3,برونو بناني,دنجرس مان,Male
DON,3500,8745/2/L,دولس جابانا,دولس جابانا,Male
BALBO,3400,9990,ديفيد بيكهام,ديفيد بيكهام,Male
EDTH DESMOI I,3600,EG 337,ديور,ديور هوم انتنس,Male
GORDON,3000,EG 122,دافى دوف,ذا جيم دافي دوف,Male
EDTH OLAF S.,3700,10990/4/KD,دولس جابانا,ذا ون سبورت,Male
ROB,3300,9152/2,روبرتو كافالي,روبرتو كافالى,Male
ROMEO,3700,8964/2,روشاس,روشاس,Male
ROCK D. CT,3250,EG 281,فلانتينو,روك دريم,Male
WILLY,3900,10888/4,ديسكارد,روكي ماونتن,Male
EDTH SEBRING,3900,10972/3/KD,فيكتوريا رالف,سبايس بومب,Male
SPLENDOR,3300,EG 129,سيريس,سبليندور,Male
EDTH SOHO,4000,11081/2/MD,كيليان,سترايت هافان,Male
STANLEYO,3400,EG 1325,باكوربان,سترونج مي,Male
EDTH SIMEO,3600,EG 491,جيورجيو ارمانى,سترونجر ويز يو,Male
SIMEO F.,3400,EG 1382,جيورجيو ارمانى,سترونجر ويز يو فريز,Male
EDTH SOTO,3500,11035,ستيفانو ريتش,ستيفانو ريتش,Male
SORYAN,3250,EG 1192,جان بول جوتيه,سكاندل,Male
SILEX,3250,7661/7/L,سكلبشر,سكلبشر,Male
SALVADOR,3800,EG 314,ديور,سوفاچ,Male
SALVADOR EX.,3500,EG 1197,ديور,سوفاچ الكسير,Male
CARAIBES,2900,6616/L,كلفن كلين,سى كى ون,Male
CUBA,3600,7884/4/L,سيجار,سيجار,Male
STEVEN,3800,11151/4,بوجارت,سيلفر سنت,Male
STAN,3400,9489/2,دافى دوف,سيلفر شادو,Male
Sting,4400,10418,كريد,سيلفر ماونتن,Male
CASTRO,3800,EG 241,دافى دوف,شامبيون,Male
CLOVIS,2750,EG 151,شيروتى,شيروتي اكوا فورتي 1881,Male
FULVIO,2600,EG 114,فندى,فان فندي,Male
PHILOU,3300,EG 1187,باكوربان,فانتوم,Male
VALERIO,3600,EG 1029,كريد,فايكنج,Male
VIKING,3200,10097/3/K,فرزاتشى,فرزاتشى مان,Male
EDTH VADIM,4600,10595/2/MD,فلانتينو,فلانتينو,Male
VEGAS,3300,EG 316,دولس جابانا,فلفت تندر عود,Male
EDT VAYA,3200,EG 527,دولس جابانا,فلفت ديزاير عود,Male
FRED,3800,9099/2,فندى,فندى,Male
FALCON,2750,EG 213,ديور,فهرنهيت,Male
FLIP,3800,9908/3,ديور,فهرنهيت 32,Male
FOR YOU,3800,9695,فور يو,فور يو,Male
VALDO,3600,10342/L,هيرمس,فوياج,Male
FERRA,3100,10466,فيراري,فيراري,Male
VIK,3200,9452/2/L,جفنشي,فيرى ايريزستبل,Male
SMART BLACK,2950,EG 481,فيرف,فيوجن بلاك,Male
DECLIC,3750,8314/3/L,كارولينا هريرا,كارولينا هريرا 212,Male
DECLIC,5000,EG 1438,كارولينا هريرا,كارولينا هريرا 212 HQ,Male
DECLIC V.P.,3600,10872/3/LD,كارولينا هريرا,كارولينا هريرا 212 VIP,Male
KOALA,2500,M/250,كنزو,كنزو,Male
EDTH KOALA S.,3000,10981/4/KD,كنزو,كنزو سبورت,Male
EDTH KOALA,3300,EG 1115,كنزو,كنزو مان,Male
EDTH CELIO,3200,EG 340,جيورجيو ارماني,كود ارمانى,Male
CARLITO,3100,11147/4/KD,جيورجيو ارماني,كود التيمت ارمانى,Male
CARLO,2900,10772/3/LD,جيورجيو ارماني,كود سبورت ارمانى,Male
EDTH KEVLAR,2900,10848/3/LD,جان بول جوتيه,كوكو ريكو,Male
CAMARGUE,3800,7627,دافى دوف,كوول ووتر,Male
EDTH LOMAN,3350,11018/2,دافى دوف,كوول ووتر اسنشال بلو,Male
LABRADOR,3450,6238,تيد لابيدوس,لابيدوس,Male
LABRADOR,2950,M/110,تيد لابيدوس,لابيدوس,Male
LABRADOR,2800,10497,تيد لابيدوس,لابيدوس اصفر,Male
EAST,3500,9482/2/L,لاكوست,لاكوست اسنشال,Male
EAST,3750,EG 1434,لاكوست,لاكوست اسنشال,Male
SANDRO,3700,10580/3/KD,لاكوست,لاكوست اسنشال سبورت,Male
EDTH ATMO,3100,9905/2/K,لاكوست,لاكوست اليجانس,Male
NIKO,3400,EG 120,لاكوست,لاكوست بلاك,Male
LUCAS,3500,8816/3,لاكوست,لاكوست بورهوم,Male
LATINO,3200,9088/3,لاكوست,لاكوست روج,Male
EDTF RENATO,3100,EG 198,لاكوست,لاكوست روج 12.12.L,Male
EDTH SLASH,3800,9601/3,لاكوست,لاكوست شالينج,Male
EDTF LINO,3200,EG 200,لاكوست,لاكوست لايف,Male
BLANCO,3700,10780/3/LD,لاكوست,لاكوست وايت 12.12.L,Male
EDTF LAMBO,3200,EG 199,لامبورجينى,لامبورجينى,Male
HIP NEW,3400,10324/3/K,فرزاتشي,لانوي لاهوم,Male
EDTH HOGAN,3100,EG 339,ايف سان لوران,لاهوم التيميت,Male
LASER,3300,9745/K,بربرى,لندن بربري,Male
ENZO,3300,9236/2/L,ايسى مياك,لو بلو ايسى مياك,Male
HIPLONG,3300,10840/5/KD,ايف سان لوران,ليبر لاهوم,Male
LUDO,3700,10775/4/KD,مونت بلانك,ليجند,Male
EDTH LUDO S P,3300,EG 334/2,مونت بلانك,ليجند سبيريت,Male
LAIL MALAKI,3400,EG 531,دولس جابانا,ليل ملكي ذا ون,Male
MAX,3500,8918/K,ماربرت مان,ماربرت مان,Male
MORINI,2900,10206/3,ديل مار,ماربيلا,Male
MANX,2750,10074/3,كلفن كلين,مان كلفن كلين,Male
MISTRAL,3500,EG 1433,ايف سان لوران,ماي سيلف,Male
MILO,3100,EG 512,مرسيدس بنز,مرسيدس بنز,Male
MEMORY S.,3500,EG 1416,مرسيدس بنز,مرسيدس بنز سي,Male
EDTH MALVIN,2950,EG 338,بربرى,مستر بربرى,Male
MINOS,3300,10191/3,باكوربان,مليون,Male
MINOS R.,3500,EG 1381,باكوربان,مليون رويال,Male
MAYAS,3600,EG 1425,مونتانا,مونتانا,Male
HORACE,3800,8774,هابى كلينك,هابى كلينك,Male
HUMMER,3000,10831,هامر,هامر,Male
HELIUM,2950,7476/L,هوجو بوص,هوجو بوص,Male
EDTH ENNO,3800,9956/2/K,هوجو بوص,هوجو XY,Male
ETORE,3400,10306/2/K,هوجو بوص,هوجو اليمنت,Male
ALIZE,2900,7952,هوجو بوص,هوجو اليمنت اكوا,Male
BINGO,3400,8743/3/L,هوجو بوص,هوجو ان موشن,Male
BLOG,3300,9641/2,هوجو بوص,هوجو ان موشن بلاك,Male
BANCO,3300,9122/2/K,هوجو بوص,هوجو ان موشن بلو,Male
BOUM,3200,9410/3/L,هوجو بوص,هوجو ان موشن جرين,Male
BANG,3200,10393/3/K,هوجو بوص,هوجو ان موشن وايت,Male
ETIENNE,3100,9456/3/M,هوجو بوص,هوجو انرجي,Male
EDTH BILL-UUI,3400,EG 173,هوجو بوص,هوجو انليمتد,Male
EDTH OWEN,3700,10749/2/LD,هوجو بوص,هوجو اورانج,Male
EDTH BILL S.,2900,10984/4/KD,هوجو بوص,هوجو بوتلد سبورت,Male
BILL OUD,3600,EG 303,هوجو بوص,هوجو بوتلد عود,Male
EDTH JUNIOR,3400,10852/4/KD,هوجو بوص,هوجو جست ديفرنت,Male
DOMINO,3400,8023/3,هوجو بوص,هوجو دارك بلو,Male
COLLECTO D.S.,3200,EG 1221,هوجو بوص,هوجو دارينج سافيانو,Male
TIAGO,3350,EG 298,هوجو بوص,هوجو ذا سينت,Male
TIAGO M.,3400,EG 1378,هوجو بوص,هوجو ذا سينت ماجنتيك,Male
EDTH XENO,3400,9922/3,هوجو بوص,هوجو سليكشن,Male
SOFT,3300,9304/5/K,هوجو بوص,هوجو سول,Male
BILL(By hugo boss),2950,7571/L,هوجو بوص,هوجو نيو,Male
OMAR,3550,7852,بوجارت,ون مان شو,Male
OMAR CT,2600,EG 320,بوجارت,ون مان شو NEW,Male
OMAR,3450,EG 1173,بوجارت,ون مان شو احمر,Male
OMAR G.E.,3200,10958/3/KD,بوجارت,ون مان شو جولدن اديشن,Male
WONDER SILVER,3600,11134/2/KD,إيفا فلاور,ويسكي سيلفر,Male
WIND,3200,8467,بربرى,ويك اند,Male
YOGA,3100,EG 1422,كارون,ياتاجان,Male
QUARTZ,3500,EG 1368,دولس جابانا,Q,Female
EDTF OLYMPE BNB,3300,EG 331/2,ايف سان لوران,ابيوم بلاك,Female
ALMA,3500,8792/5/L,ديور,ادكت,Female
ANICA,2750,EG 329,اسكادا,اسكادا اكوا ديل سول,Female
EDTHIMOLA,3100,10304/2/K,اسكادا,اسكادا انكريديبل,Female
EDTH OLINDA,3200,10310/2/K,اسكادا,اسكادا اوشن لاونج,Female
INDI,3100,9077/3,اسكادا,اسكادا ايلاند كيس,Female
BALI,3500,7621/L,اسكادا,اسكادا بربريز,Female
BAYA,2750,EG 143,اسكادا,اسكادا بورن ان بارادايس,Female
EDTFTERESA,2800,10720/2/KD,اسكادا,اسكادا تاج صن ست,Female
TOSCA,3400,EG 274,اسكادا,اسكادا تركواز سمر,Female
STRADA,3600,8734/M,اسكادا,اسكادا سكسي جرافيتى,Female
EDTF SALVIVAL,3300,EG 1153,اسكادا,اسكادا سمر فيستيفال,Female
CLAIRE,3600,EG 100,اسكادا,اسكادا شيري ان ذا اير,Female
EDTF FOLANA,2900,EG 428,اسكادا,اسكادا فييستا كاريوكا,Female
CASSIS,2900,9461,استادا,اسكادا كولكشن,Female
MURANO,2800,10548/2/L,اسكادا,اسكادا مارين جرووف,Female
MARGOT,3700,9075/4,اسكادا,اسكادا مجنيتزم,Female
MARTA,2750,10042/2/L,اسكادا,اسكادا مون سباركل,Female
ELYSEE,2600,9566,كلفن كلين,اسكيب فواكه,Female
EDTF FOX E.,2800,11086/4/KD,كنزو,اسنشال فلاور,Female
EDTF APRILA,2800,10660/3/LD,جيورجيو أرمانى,اكوا دي جيو,Female
URSULA,3400,8165,باكوربان,الترافيوليت,Female
EDTFESKAL,3600,10854/2/KD,لوبارفان,الى ساب,Female
AGATE,2600,F/300,جفنشى,اماريج,Female
AIDA,3300,9061/3/L,كاشاريل,امور امور,Female
ADONIS,3300,6100,كاشاريل,انايس,Female
ANGORA,3200,F/270,تيرى مجلر,انجيل,Female
ANGORA,3300,EG 1186,تيرى مجلر,انجيل نوڨا,Female
ILONA,2900,10207/2/K,كريستينا اجيليرا,انسباير,Female
EDTFOPTA,3300,10859/2/KD,بول سميث,اوبتيمستيك,Female
OPALE,3200,7026,جفنشى,اورجانزا,Female
SILVER DUST,2100,11065,كيليان,اورميليا,Female
OREA,3800,EG 304,باكوربان,اوليمبيا,Female
OREA I.,3200,EG 1007,باكوربان,اوليمبيا ليجند,Female
IDA,3500,10425/3/K,جيورجيو ارماني,اى دول ارماني,Female
IPOLA,3300,EG 1002,لانكوم,اي دول لانكوم,Female
PITA,3500,EG 1335,برادا,بارادوكس,Female
PLANET CT,3500,9689,باريس هيلتون,باريس هيلتون,Female
BRIMA,3250,9784/3/K,فرزاتشى,برايت كريستال,Female
EDTF BORA,3250,10868/4/LD,بربرى,بربرى بودى,Female
SEVA,3100,10549/3/L,بربرى,بربرى سبورت,Female
HANOLA,3300,EG 606,بربرى,بربرى هير,Female
PAULA,2950,EG 197/3,أفون,برسيف,Female
FANTI,3200,10523/K,بريتني سبيرز,بريتني سبيرز,Female
EDTF SISSI BLACK,2900,EG 214,باكوربان,بلاك X.S ليكزس,Female
PHENIX,3200,6028,كريستيان ديور,بويزون,Female
PHENIXIA,3500,9205/4,كريستيان ديور,بويزون بيور,Female
EDTF PHENIX G,3100,EG 330/2,كريستيان ديور,بويزون جيرل نيو,Female
BETTY,2700,7903/2/L,ايف سان لوران,بيبى دول,Female
EDTF BRIANA,2900,EG 478,جورجيو ارمانى,بيكوز اتس يو,Female
EDTF BENITA,2800,EG 599,نينا ريتش,بيلا نينا ريتش,Female
PINK SUGAR,2400,EG 464,بينك شوجر,بينك شوجر,Female
EDTF BRAZIL,3400,10683/3/LD,كلفن كلين,بيوتى,Female
BACCARAT,2750,140,استى لاودر,بيوتيفول,Female
TURQUOISE IL,3200,10691/2/KD,لانكوم,تريزور ان لاف,Female
EDTF TURQUOISE N.T.F,2900,EG 544,لانكوم,تريزور لانوي ألا فولي,Female
SACHA W CT CHELS,3200,EG 352/2,ريمى ماركيز,تشيلز,Female
TENDER CT,3400,EG 492,ماى واى,تندر,Female
MIKYAJ,2750,10790/2,توسكا,توسكا,Female
JULIA,3250,7836/L,كريستيان ديور,جادور,Female
GIGI,3300,6483/M,جان بول جوتيه,جان بول,Female
EDTF GLORY,3200,EG 568,شانيل,جبريال شانيل,Female
BERINICE,3850,EG 504,جوتشى,جوتشي بلوم,Female
EDTF GILDA,3100,10679/3/MD,جوتشى,جوتشي جيلتي,Female
ROMI,2950,EG 1036,جوتشى,جوتشي رش,Female
FARA,3500,10396/3/L,جوتشى,جوتشي فلاور,Female
GISELLA,3500,EG 1432,بربري,جوديس,Female
EDTF GIA CT,3800,EG 468,اوريفليم,جيورداني,Female
EDTF DIANA,2950,10851/4/KD,جفنشى,داليا نوار جفنشى,Female
DALH ALBANAT,3750,EG 437,,دلع بنات,Female
DRISS,3400,EG 102,تروزاردي,دونا,Female
EDTF RENA,4200,11087/2/LD,روبرتو كافالي,روبرتو كافالي,Female
EDTF ROXIE,2800,10582/3/K,دولس جابانا,روز ذا ون,Female
ROSELLA,2700,EG 180,كلوي,روز كلوي,Female
REBEL,3200,8296,رالف لورين,رومانس,Female
RUBIS,2800,F/330,رومبا,رومبا,Female
RUBIS,2500,6649/4/M,رومبا,رومبا فاتحة,Female
RAMA,2700,EG 444,ريانا,ريانا,Female
RENATA,3400,10438/3/k,نينا ريتش,ريتشي ريتش,Female
ROMA,2700,EG 195,أفون,رير جولد,Female
EDTF SORAYA,3500,EG 477,جان بول جوتيه,سكاندل,Female
EDTF SORAYA B.N,3200,EG 604,جان بول جوتيه,سكاندل باى نايت,Female
SWEET NECTAR,2800,11024,كيليان,سويت لاف,Female
STEFFY,3400,EG 109,جيورجيو أرمانى,سى ارمانى,Female
STEFFY I.,3300,EG 1185,جيورجيو أرماني,سي ارماني انتنس,Female
STEFFY P,3300,EG1256/2,جيورجيو أرماني,سي ارماني باشون,Female
SALSA,2600,6463,جاكومو,سيلانس,Female
SOFA,3200,10185/2,فيكتوريا بيكهام,سيناتور بيكهام,Female
CANDY,3400,9217/2,ايف سان لوران,سينما,Female
SAPHIR I,2800,10754/3/LD,جيرلان,شاليمار,Female
CASTING,3500,8797/4,شانيل,شانس شانيل,Female
FARAWAY,2250,EG 174,أفون,فارواى,Female
VANITA TOUCH,2800,EG 155,فانيتا,فانيتا تاتش,Female
FUTURA,3500,6198/L,فان كليف اند اربلز,فرست,Female
FELINE,3300,EG 1390,مارتيير بريميير,فرينش فلاور,Female
VALSE,3300,9001/3/L,جفنشى,فيرى ايريزستبل,Female
EDTF SANZA,2600,EG 590,فيكتوريا سكريت,فيكتوريا اسكيب,Female
ABYE,3200,EG 1039,فيكتوريا سكريت,فيكتوريا انجيل,Female
EDTF OLA,2600,10826/LD,فيكتوريا سكريت,فيكتوريا اوه لا لا,Female
BOMBINA,2950,10828/LD,فيكتوريا سكريت,فيكتوريا بومبشيل,Female
BOMBINA I.,2900,EG 1006,فيكتوريا سكريت,فيكتوريا بومبشيل انتنس,Female
EDTF PIPLA,2600,10827/LD,فيكتوريا سكريت,فيكتوريا بينك بلاي,Female
EDTF PAPAYA,2500,EG 588,فيكتوريا سكريت,فيكتوريا بينك سى باباى,Female
EDTF PADOLA,2500,EG 589,فيكتوريا سكريت,فيكتوريا بينك شارمينج,Female
BODY SPLASH PERLA,2750,EG 488,فيكتوريا سكريت,فيكتوريا بيور سيدكشن,Female
EDTF RESANA,2900,EG 586,فيكتوريا سكريت,فيكتوريا ريتشى عمبر,Female
BODY SPLASH SIANA,2400,EG 487,فيكتوريا سكريت,فيكتوريا سكريت تشارم,Female
EDTF VERY SEXY,2400,EG 470,فيكتوريا سكريت,فيكتوريا فيري سكسي,Female
CHARLINE,2900,EG 1200,فيكتوريا سكريت,فيكتوريا كوكونت,Female
EDTF LAGORA CT,3100,EG 572,فيكتوريا سكريت,فيكتوريا لاف اذ هيفنلى,Female
BODY SPLASH LICIA,2600,EG 490,فيكتوريا سكريت,فيكتوريا لاف سبيل,Female
BODY SPLASH MIXO VANILLA,2400,EG 476,فيكتوريا سكريت,فيكتوريا ميدنايت اكزوتك فانيليا,Female
EDTF WILLINA,2500,EG 587,فيكتوريا سكريت,فيكتوريا وايلد سكارليت,Female
CORNALINE,3300,7833,جريس,كابوتين,Female
HAWAI,3250,7617/L,كارولينا هريرا,كارولينا هريرا,Female
DANCING,3700,8204/L,كارولينا هريرا,كارولينا هريرا 212,Female
DANCING V.P,3500,10688/4/KD,كارولينا هريرا,كارولينا هريرا 212 VIP,Female
DANCING V.P.ROSE,3100,EG 225,كارولينا هريرا,كارولينا هريرا 212 VIP روز,Female
DIAMS,3650,9323/3,كارولينا هريرا,كارولينا هريرا 212 سكسي,Female
DIAMS,3500,9323/4,كارولينا هريرا,كارولينا هريرا 212 سكسي,Female
CALISSA W.,2700,10782/4/KD,كارولينا هريرا,كارولينا هريرا CH,Female
EDTF GRAZIA,3500,EG 412,كارولينا هريرا,كارولينا هريرا جود جيرل,Female
CASSAR,2950,7832/L,كاسيليا,كاسيليا,Female
EDTF CLAC,3300,10847/3/LD,برادا,كاندى,Female
FANTASIA,3300,9569,بريتنى سبيرز,كريزى لاف,Female
EDTF CHINA,3400,10583,فرزاتشى,كريستال نوار,Female
QUEEN,2700,9588,كلك فلير,كلك فلير,Female
QUEEN,2850,EG 210,كلك فلير,كلك فلير,Female
KIARA,2700,EG 137,كاتى بيرى,كلير كوين,Female
FOX,3600,8267/L,كنزو,كنزو فلاور,Female
MARLENE,3600,8590/3,شانيل,كوكو مدموزيل,Female
EDTF CORAIL N.,3200,11088/2/MD,شانيل,كوكو نوار,Female
CALANQUE,2700,7151,دافى دوف,كوول ووتر,Female
CALANQYE BLEU,2700,7151/BLEU,دافى دوف,كوول ووتر بلو,Female
EDTF CALANQUE S.R,2700,EG 207,دافى دوف,كوول ووتر سي روز,Female
EDTF ROMINA,4000,10966/4/KD,جيرلان,لابوتيت روب نوار,Female
EDTF LOVER,3600,11040/2/MD,كيليان,لاف كيليان,Female
LYDIE,3600,EG 272,لانكوم,لافى بل,Female
LYDIE I.,3000,EG 505,لانكوم,لافى بل انتينس,Female
LYDIE  SC,3500,EG 1373,لانكوم,لافى بل سوليل كريستال,Female
EDTF LYDIE E.,2950,EG 521,لانكوم,لافي بل ليكلا,Female
ROMEA,2700,EG 365,لاكوست,لاكوست بينك,Female
TOURA,3450,9212/3,لاكوست,لاكوست تاتش اوف بينك,Female
EDTE JENA,3000,10745/3/KD,لاكوست,لاكوست جوي اوف بينك,Female
ERMINA S,3300,EG 144,لاكوست,لاكوست سنسول,Female
FLEURINE,3300,EG 1040,لاكوست,لاكوست فرينش باناش,Female
LUCIE,3200,10314/3/K,لاكوست,لاكوست لاف اوف بينك,Female
LIJA,3500,EG 1001,ايف سان لوران,ليبر,Female
LORINDA,2800,EG 196/3,أفون,ليتل بلاك,Female
LEA,3100,EG 101,مونت بلانك,ليجند,Female
FASIA,3000,11145/4/KD,ليدي جاجا,ليدي جاجا,Female
EDTF MAMIA,3300,10655/4/LD,باكوربان,ليدي مليون,Female
MIAMI E.G.,3200,EG 227,باكوربان,ليدي مليون جولد,Female
MIAMI R.,3500,EG 1374,باكوربان,ليدي مليون رويال,Female
MAMI F.,3300,EG 1160,باكوربان,ليدي مليون فابيلوس,Female
EDTF IMPERIA,2900,EG 523,دولس جابانا,ليمبراتريتشي N‏3,Female
NOORA,2900,10488,لانكوم,ماجى نوار,Female
MADO,3100,EG 233,بربرى,ماى بربري,Female
EDTF MADO B.,3100,EG 416,بربرى,ماى بربرى بلاك,Female
MAGENTA,3450,EG 1085,ارماني,ماي واي,Female
MARILOU,2700,10203/2/K,جان بول جوتيه,مدام جان بول,Female
MENDY,2600,EG 443,روشاس,مدموزيل روشاس,Female
MIKA,2700,EG 135,استي لاودر,مودرن ميوز,Female
EDTF MADIE L R,2700,EG 341,استى لاودر,مودرن ميوز لاروج,Female
MANON,2900,8869,مونتانا,مونتانا,Female
EDTF MAMIA CT,2800,EG 489/2,بريتنى سبيرز,ميدنايت فانتازيا,Female
MIMI CT,2700,EG 493,أفون,ميلينيا,Female
NADAR,3300,EG 364,فرانك اوليفر,ناتشر,Female
NEPTUNE,2700,7697,كلوي,نارسيس كلوي,Female
HOULA BLACK,3400,EG 327,نارسيسو رودريغيز,نارسيسو رودريغيز,Female
SHEFAZ,3450,EG 1056,بيرفيوم,نايت باودر,Female
WAFA,3200,EG 494,افون,نساء العالم,Female
NOEMIE R.,3100,EG 1003,نينا ريتش,نينا روج,Female
NOEMIE,3100,9656/2/K,نينا ريتشى,نينا ريتش,Female
NEW MARIA,2900,9587,نيو ماريا,نيو ماريا,Female
HANA,3400,8127,لانكوم,هابى كلينك,Female
AMOUVERT,2700,EG 441,ماى واى,همسات,Female
HOHO,3700,8333/2,جفنشى,هوت كوتور,Female
HIBISCUS,2900,7677/L,هوجو بوص,هوجو بوص,Female
XENA,3400,9923/2,هوجو بوص,هوجو XX,Female
ACTIVE,3350,EG 1170,هوجو بوص,هوجو ألايف,Female
ISA,3300,8999/5,هوجو بوص,هوجو انتنس,Female
BERTA,3000,10407/3/K,هوجو بوص,هوجو اورانج,Female
JOANA,2700,EG 107,هوجو بوص,هوجو جور,Female
DENTELLE,3500,8563/2,هوجو بوص,هوجو ديب ريد,Female
FRIDA,3300,9678/2/L,هوجو بوص,هوجو فام,Female
NAISA,2700,11099/4/KD,هوجو بوص,هوجو نايت,Female
WINONA,3300,EG 1308,كريد,وايت فلاورز,Female
WALLIS,3500,6633,جورجيو بيفرلي هيلز,ونجز,Female
CHERLINE,3200,EG 616,وومان,وومان,Female
WILD,3300,8421/2,بربرى,ويك اند,Female
EDTFYELENA,3200,EG 543,كشاريل,YES I AM يس آيام,Female
EDTFYOGA,2750,10873/4/KD,فرزاتشى,يلو دياموند,Female
MIDNIGHT FLOWERS,3900,EG 1028/2,اجمل,الف ليلة و ليلة,East
ARMAND,3100,EG 1126,الرحاب,الفارس,East
STING W.,3400,EG 1304,,الوسام الأبيض,East
VIOLETTE,1600,8121/3/MD,,بنفسج,East
TUTTI FRUTTI,1500,EG 395,,توتي فروتي,East
NOIX COCO,1700,6077/L,,جوز هند,East
PEACH,1700,6460,,خوخ,East
NECTAR COKTAIL,2450,11026,,دعاء الجنة,East
D. RED,2500,10795/2,,رد نايت,East
CREATION,3300,EG 224,بنيجنا بيرفيوم,رويال بوكيه,East
FLEUR DE KHALEEG,4900,9657,خليجي,زهرة الخليج,East
ZAHRET EL AMBER,2800,10785/2,,زهرة العمبر,East
SULTAN,6600,7565,خليجي,سلطان,East
ZOHOOR,3600,EG 1182,بيرفيوم,شهرة (ماجستيك ),East
AZIZA,3500,9758/2/K,خليجي,عزيزة,East
AMBER,2800,EG 1189,بيرفيوم,عمبر,East
24 HOURS OUD,3700,EG 497,ارض الزعفران,عود 24 ساعة,East
OUD ABYAD,5000,EG 348,,عود ابياد,East
WHITE AOUD,6400,EG 171,,عود ابيض,East
WHITE OUD,3400,EG 1198/2,,عود ابيض,East
OUD ARAMEIN,3900,EG 182,خليجي,عود الحرمين,East
WHITE OUD,2500,EG 1104,بيرفيوم,عود الشيخ الابيض,East
AOUD MUBAKHAR,3000,10678,,عود بخور,East
AOUD TORABY CT,3800,EG 356,,عود ترابي,East
AOUD KALI,3800,EG 342,,عود خليجى,East
FALIKHA,3100,EG 530,عنفر,عود خليفة,East
DIRMA,3500,EG 446,ارض الزعفران,عود درهم,East
AOUD RIVIERA,4800,EG 343,,عود ريفيرا,East
SERALKHOL OUD,3400,EG 498,لطافة,عود سر الخلود,East
SHAIKUNA,5250,8952/2,خليجي,عود شيخا,East
AOUD SO,3950,EG 346,عنفر,عود عنفر 1000,East
AOUD KAMBO,5000,EG 353,,عود كمبودى,East
OMAYA,3800,EG 563,لطافة,عود لطافة,East
AOUD MUBAKHAR,3900,EG 344,,عود مبخر,East
AOUD MALAKI COLORED,3100,EG 571,,عود ملكي,East
OUD MOOD,3600,EG 1106,بيرفيوم,عود مود,East
HIND,2750,8962/2,,عود هندى,East
EDTH FAEDIS,3500,EG 548,زيرجوف,فاتال شارم,East
VANLIE,1500,EG 392,,فانيليا,East
VANILLA ICECREAM,1800,EG 539,ديميتر,فانيليا ايس كريم,East
FRAISE,1500,6057,,فراولة,East
FAQAT LIL RIJAL,3800,EG 1423/2,رصاصي,فقط للرجال,East
FULL,1700,9570,,فل,East
FULL,1700,9526/2,,فل,East
DEWBERRY SAOUDI,2750,9693,,فواكه سعودى,East
KALIMAT,3700,EG 1120,خليجى,كلمات,East
CREATION,3300,EG 270,كونابيل,كونابيل,East
BUBBLE GUM,1800,EG 280,,لبان,East
TOUCH,3250,EG 217,خليجي,لمسة خليجى,East
COSMO LEMON,1300,6079/M,,ليمون,East
FIXATEUR,800,9565/2,,مثبت,East
mukhakat emirati,3650,EG 613,,مخلط اماراتي,East
MUKHALAT RAHIB,3500,EG 593,الرحاب,مخلط رهيب,East
MUKHALAT AL OUD,3600,EG 1025,الرصاصي,مخلط عود,East
ROYAL BOUQUET,3300,EG 424,,مخلط ملكى,East
HALA GALA,3400,EG 551,لطافة,مخلط هلا,East
MUSK ABYAD,5300,EG 1023,,مسك ابياد,East
WHITE MUSC,2000,9231,,مسك ابيض,East
BLACK MUSK,3200,EG 242,,مسك اسود,East
MUSK ASWAD,3500,EG 222,عبد الصمد القرشى,مسك الحجر الاسود,East
MUSK TAHARA sticky,4500,EG 1426/2,,مسك القرشي ( الطهارة ),East
MUSC,4300,9529,,مسك انجليزى,East
MUSK SULTAN CT,3900,EG 357,,مسك سلطان,East
MUSK AGAIBI,3500,EG 349,,مسك عجايبى,East
MUSC HADJRA,2400,7567,,مسك عربي (مكة ),East
MUSC HOLDER,3300,9688,,مسك متسلق,East
AOUD MAD,4250,EG 1169,العربية للعود,مضاوي,East
AOUD MAD,5200,EG 1436,العربية للعود,مضاوي HQ,East
NABILAH,3900,EG 1022,الوليف,نبيلة,East
ROSE,1500,9589,,ورد,East
WESSAL,3900,10681/2/ND,,وصال,East
JASMIN,1650,9574,,ياسمين,East
JASMIN,1700,9527,,ياسمين,East
KENZI,3900,EG 1332,زيرجوف,40عقدة,Niche
SEPTEMBRE,3700,EG 1329,كركدجان,724,Niche
ADOLIE,3750,EG 1042,كركدجان,ا لا روز,Niche
EDT AVER,3600,EG 1147,اكسنيليو,اتلاس فيفر,Niche
ARABI W.O,3300,10934/3/KD,توم فورد,اريبيان وود,Niche
EDT ODECLA,3800,EG 1081,ديور,اكسير العود,Niche
ALLISON,4600,EG 257,زيرجوف,اكسينتو,Niche
EDTF ARLINE,3650,EG 1133,زيرجوف,الاسكندرية II,Niche
EBBIO,3800,EG 1010,روجا,اليسيوم,Niche
APOSTROPHE,3800,EG 1450,نيشان,آني,Niche
ORFEO,3800,EG 1447,دي مارلي,اويان,Niche
EDTF ITALIA,4000,11030/2/MD,توم فورد,ايتاليان سايبرس,Niche
ELLIS,3950,EG 1033,سوسبيرو,ايربا بورا,Niche
CREATION,3500,EG 269,روبرتو كافالي,باراديسو,Niche
EDT BALZO,3300,EG 561,بايريدو بارفيوم,بال دي افريك,Niche
PAGO,3700,EG 1021,دي مارلي,برسيفال,Niche
EDT BARNELLO,4800,75.947,كركدجان,بكرات روج,Niche
BARNELLO,7200,EG 1441,كركدجان,بكرات روج HQ,Niche
BANJO,4300,EG 1232/3,ناسوماتو,بلاك افغانو,Niche
OXANA,4300,EG 185,توم فورد,بلاك اوركيد,Niche
BAO,3600,EG 1096,مانسيرا,بلاك جولد,Niche
BELPASSO,3600,EG 1013,ارماني برايف,بلو تركواز,Niche
BOPE,3600,EG 1309,زيرجوف,بلو هوب,Niche
BLAKE,4000,EG 267,ديور,بوا دارجون,Niche
BARI,3500,EG 1020,كازاموراتي,بوكيه ايديال,Niche
TAHIS,3900,EG 576,توم فورد,توباكو فانيليا,Niche
TODARO,3800,EG 1413,ديور,توباكو كالار,Niche
TORINO,3750,75.949,توم فورد,توسكان ليزر,Niche
GABON,3600,EG 1019,كازاموراتي,جران بالو,Niche
JODY,3800,EG 130,أمواج,جوبيلاشون,Niche
EDTH JASON,3300,EG 418,جيمي شو,جيمي شو,Niche
DAMINA,3600,EG 1168,زيرجوف,ديكاس,Niche
DABIANA,3700,EG 1038,دي مارلي,ديلينا,Niche
ROLFI,3850,EG 1114,مانسيرا,رد توباكو,Niche
RIVOLA,3850,EG 1026,مانسيرا,روز فانيليا,Niche
ANDREA,3500,EG 266,سوسبيرو,روسو افغانو,Niche
RUBEN,3700,EG 123,أمواج,ريفليكشن,Niche
EDTF SUSY,3700,EG 1134,دي مارلي,سافاناد,Niche
SABA,3300,EG 106,توم فورد,ساهارا نوار,Niche
EDT ARONITO,3600,EG 1117,اكسنيليو,سماء العمبر,Niche
SATURNE,3500,EG 1314,توم فورد,سوليل بلانك,Niche
SPHINX,3900,EG 1166,زيرجوف,سيمفونية,Niche
EDT SERVANE,3600,EG 1150,ميمو باريس,سينترا,Niche
EDTH SHERMAN,3700,EG 471,خليجي,77 شيخ,Niche
SHAHWA,3650,EG 1302,خليجي,عطر فيرمون,Niche
EDTH ARISTO,3500,EG 1155,مانسيرا,عود اكوا,Niche
EDT OLENGO,3900,EG 1111,لانكوم,عود بوكيه,Niche
ORIANA,3600,EG 1328,مونتال,عود دريم,Niche
EDT DELPHY,3700,EG 1131,روبرتو كافالي,عود سماوي,Niche
OLIERO,3600,EG 1049,كركدجان,عود سيلك مود,Niche
VICKY,3700,EG 1058,مونتال,فانيليا ابسلو,Niche
EDTH VERONE,3600,EG 206,توم فورد,فلفت اوركيد,Niche
VARONI,3400,EG 1015,دولس جابانا,فلفت عمبر سكين,Niche
FAZIO,3750,EG 560,اكسنيليو,فلير ناركوتيك,Niche
VISS,3500,EG 1156,اكسنيليو,فينينوم كيس,Niche
EDTF VENISE,3600,10987/4/KD,توم فورد,فيوليت بلوند,Niche
CRISTOBAL,3600,EG 1292,دي مارلي,كارلايل,Niche
CYRUS,3400,EG 299,توم فورد,كافى روز,Niche
KACIA,3500,EG 1048,دي مارلي,كالان,Niche
LERRY,3750,EG 1318/2,توم فورد,لوست شيري,Niche
LUMIERE,3600,EG 1167,زيرجوف,لونوسا,Niche
MILAZZO,3700,EG 1046,ميمو باريس,مارفا,Niche
EDT MAEL,3700,EG 1074,اكسنيليو,مسك لا نهائي,Niche
MONOPOLI,3700,EG 1000,توم فورد,ميتاليك,Niche
MAELLIE,3300,EG 1164,اكسنيليو,ميدنايت سبيشيال,Niche
EDT TRUE,3600,EG 1144,لولابو,نوار 29,Niche
EDTF NONO,3650,11080/4/LD,توم فورد,نوار دو نوار,Niche
PEROU,3700,EG 1030,توم فورد,وايت بتشولي,Niche
